Index,Template,Type,Code1,CoverLetter,Traditional,"<!DOCTYPE html>
<html lang=""en"">
<head>
    <meta charset=""UTF-8"">
    <meta name=""viewport"" content=""width=device-width, initial-scale=1.0"">
    <title>Cover Letter</title>
    <link rel=""stylesheet"" href=""https://stackpath.bootstrapcdn.com/bootstrap/4.5.2/css/bootstrap.min.css"">
    <style>
        body {
            font-family: 'Georgia', serif;
            line-height: 1.6;
            color: #333;
            background-color: #f4f4f4;
            padding: 40px;
        }
        .container {
            background: #fff;
            padding: 30px;
            margin-top: 20px;
            box-shadow: 0 0 15px rgba(0, 0, 0, 0.1);
            border-radius: 10px;
        }
        h1 {
            font-size: 28px;
            font-weight: bold;
            margin-bottom: 20px;
            text-align: center;
            color: #2c3e50;
        }
        .section-header {
            font-size: 20px;
            font-weight: bold;
            margin-bottom: 15px;
            border-bottom: 2px solid #2c3e50;
            padding-bottom: 5px;
            color: #2c3e50;
        }
        .section-content p {
            margin: 10px 0;
        }
        .personal-info, .job-details, .main-body {
            margin-bottom: 25px;
        }
        .signature {
            margin-top: 50px;
            text-align: left;
        }
        .signature p {
            margin: 5px 0;
        }
    </style>
</head>
<body>

<div class=""container"">
    <h1>Cover Letter</h1>

    <div class=""personal-info"">
        <div class=""section-header"">Personal Information</div>
        <div class=""section-content"">
            <p><strong>Recipient's Name:</strong> {{ cover_letter.name }}</p>
            <p><strong>Phone Number:</strong> {{ cover_letter.phone_number }}</p>
            <p><strong>Email:</strong> {{ cover_letter.email }}</p>
            <p><strong>Address:</strong> {{ cover_letter.address }}</p>
        </div>
    </div>

    <div class=""job-details"">
        <div class=""section-header"">Job Details</div>
        <div class=""section-content"">
            <p><strong>Job Title:</strong> {{ cover_letter.job_title }}</p>
            <p><strong>Company Name:</strong> {{ cover_letter.company_name }}</p>
        </div>
    </div>

    <div class=""main-body"">
        <div class=""section-header"">Cover Letter</div>
        <div class=""section-content"">
            <p>{{ cover_letter.introduction }}</p>
            <p>{{ cover_letter.job_description }}</p>
            <p>{{ cover_letter.experience }}</p>
            <p>{{ cover_letter.body }}</p>
        </div>
    </div>

    <div class=""signature"">
        <p>Sincerely,</p>
        <p>{{ cover_letter.name }}</p>
    </div>
</div>

</body>
</html>"2,CoverLetter,Modern,"<!DOCTYPE html>
<html lang=""en"">
<head>
    <meta charset=""UTF-8"">
    <meta name=""viewport"" content=""width=device-width, initial-scale=1.0"">
    <title>Modern Cover Letter</title>
    <link rel=""stylesheet"" href=""https://stackpath.bootstrapcdn.com/bootstrap/4.5.2/css/bootstrap.min.css"">
    <style>
        body {
            font-family: 'Arial', sans-serif;
            line-height: 1.6;
            color: #333;
            background-color: #f4f4f4;
            padding: 20px;
        }
        .container {
            background: #fff;
            padding: 30px;
            margin-top: 20px;
            box-shadow: 0 0 20px rgba(0, 0, 0, 0.1);
            border-radius: 15px;
            border-left: 10px solid #3498db;
        }
        h1 {
            font-size: 26px;
            font-weight: bold;
            margin-bottom: 15px;
            text-align: left;
            color: #3498db;
        }
        .section-header {
            font-size: 18px;
            font-weight: bold;
            margin-bottom: 10px;
            padding-bottom: 5px;
            color: #3498db;
        }
        .section-content p {
            margin: 5px 0;
        }
        .personal-info, .job-details, .main-body {
            margin-bottom: 20px;
        }
        .contact-info {
            text-align: right;
            margin-bottom: 20px;
        }
        .contact-info p {
            margin: 0;
        }
        .signature {
            margin-top: 40px;
            text-align: left;
        }
        .signature p {
            margin: 5px 0;
        }
        .highlight {
            background-color: #eaf1f8;
            padding: 10px;
            border-radius: 5px;
        }
    </style>
</head>
<body>

<div class=""container"">
    <div class=""contact-info"">
        <p><strong>Date:</strong> {{ cover_letter.date }}</p>
    </div>

    <h1>Cover Letter</h1>

    <div class=""personal-info"">
        <div class=""section-header"">Personal Information</div>
        <div class=""section-content"">
            <p><strong>Recipient's Name:</strong> {{ cover_letter.name }}</p>
            <p><strong>Phone Number:</strong> {{ cover_letter.phone_number }}</p>
            <p><strong>Email:</strong> {{ cover_letter.email }}</p>
            <p><strong>Address:</strong> {{ cover_letter.address }}</p>
        </div>
    </div>

    <div class=""job-details"">
        <div class=""section-header"">Job Details</div>
        <div class=""section-content"">
            <p><strong>Job Title:</strong> {{ cover_letter.job_title }}</p>
            <p><strong>Company Name:</strong> {{ cover_letter.company_name }}</p>
        </div>
    </div>

    <div class=""main-body"">
        <div class=""section-header"">Cover Letter</div>
        <div class=""section-content highlight"">
            <p>{{ cover_letter.introduction }}</p>
            <p>{{ cover_letter.job_description }}</p>
            <p>{{ cover_letter.experience }}</p>
            <p>{{ cover_letter.body }}</p>
        </div>
    </div>

    <div class=""signature"">
        <p>Sincerely,</p>
        <p>{{ cover_letter.name }}</p>
    </div>
</div>

</body>
</html>"3,CoverLetter,Creative,"<!DOCTYPE html>
<html lang=""en"">
<head>
    <meta charset=""UTF-8"">
    <meta name=""viewport"" content=""width=device-width, initial-scale=1.0"">
    <title>Creative Cover Letter</title>
    <link rel=""stylesheet"" href=""https://stackpath.bootstrapcdn.com/bootstrap/4.5.2/css/bootstrap.min.css"">
    <style>
        body {
            font-family: 'Georgia', serif;
            color: #333;
            background-color: #f4f4f4;
            padding: 20px;
        }
        .container {
            background: #fff;
            padding: 20px;
            margin-top: 20px;
            box-shadow: 0 0 15px rgba(0, 0, 0, 0.1);
            border-radius: 10px;
            max-width: 800px;
            margin: 0 auto;
        }
        header {
            text-align: center;
            border-bottom: 2px solid #3498db;
            margin-bottom: 20px;
            padding-bottom: 10px;
        }
        header h1 {
            font-size: 30px;
            margin: 0;
            color: #3498db;
        }
        .personal-info, .job-details, .main-body {
            margin-bottom: 20px;
        }
        .personal-info, .job-details {
            display: flex;
            justify-content: space-between;
            border-bottom: 1px solid #ddd;
            padding-bottom: 10px;
            margin-bottom: 20px;
        }
        .personal-info div, .job-details div {
            width: 48%;
        }
        .personal-info div p, .job-details div p {
            margin: 5px 0;
        }
        .main-body {
            background: #eaf1f8;
            padding: 20px;
            border-radius: 10px;
        }
        .signature {
            text-align: right;
            margin-top: 40px;
        }
        .signature p {
            margin: 5px 0;
        }
    </style>
</head>
<body>

<div class=""container"">
    <header>
        <h1>Cover Letter</h1>
    </header>

    <div class=""personal-info"">
        <div>
            <p><strong>Recipient's Name:</strong> {{ cover_letter.name }}</p>
            <p><strong>Email:</strong> {{ cover_letter.email }}</p>
        </div>
        <div>
            <p><strong>Phone Number:</strong> {{ cover_letter.phone_number }}</p>
            <p><strong>Address:</strong> {{ cover_letter.address }}</p>
        </div>
    </div>

    <div class=""job-details"">
        <div>
            <p><strong>Job Title:</strong> {{ cover_letter.job_title }}</p>
        </div>
        <div>
            <p><strong>Company Name:</strong> {{ cover_letter.company_name }}</p>
        </div>
    </div>

    <div class=""main-body"">
        <p>{{ cover_letter.introduction }}</p>
        <p>{{ cover_letter.job_description }}</p>
        <p>{{ cover_letter.experience }}</p>
        <p>{{ cover_letter.body }}</p>
    </div>

    <div class=""signature"">
        <p>Sincerely,</p>
        <p>{{ cover_letter.name }}</p>
    </div>
</div>

</body>
</html>"4,CoverLetter,Professional,"<!DOCTYPE html>
<html lang=""en"">
<head>
    <meta charset=""UTF-8"">
    <meta name=""viewport"" content=""width=device-width, initial-scale=1.0"">
    <title>Professional Cover Letter</title>
    <link rel=""stylesheet"" href=""https://stackpath.bootstrapcdn.com/bootstrap/4.5.2/css/bootstrap.min.css"">
    <style>
        body {
            font-family: 'Times New Roman', Times, serif;
            color: #333;
            background-color: #f4f4f4;
            padding: 20px;
        }
        .container {
            background: #fff;
            padding: 40px;
            margin-top: 20px;
            box-shadow: 0 0 15px rgba(0, 0, 0, 0.1);
            border-radius: 10px;
            max-width: 800px;
            margin: 0 auto;
        }
        header {
            text-align: left;
            margin-bottom: 20px;
        }
        header h1 {
            font-size: 28px;
            color: #000;
            margin-bottom: 5px;
        }
        header p {
            font-size: 18px;
            color: #555;
        }
        .personal-info, .job-details {
            border-bottom: 1px solid #ddd;
            padding-bottom: 15px;
            margin-bottom: 15px;
        }
        .personal-info div, .job-details div {
            margin-bottom: 10px;
        }
        .main-body {
            margin-top: 20px;
        }
        .main-body p {
            margin-bottom: 15px;
        }
        .signature {
            text-align: right;
            margin-top: 40px;
        }
        .signature p {
            margin: 5px 0;
        }
    </style>
</head>
<body>

<div class=""container"">
    <header>
        <h1>Professional Cover Letter</h1>
        <p>Confidently crafted with elegance</p>
    </header>

    <div class=""personal-info"">
        <div>
            <p><strong>Recipient's Name:</strong> {{ cover_letter.name }}</p>
            <p><strong>Email:</strong> {{ cover_letter.email }}</p>
        </div>
        <div>
            <p><strong>Phone Number:</strong> {{ cover_letter.phone_number }}</p>
            <p><strong>Address:</strong> {{ cover_letter.address }}</p>
        </div>
    </div>

    <div class=""job-details"">
        <div>
            <p><strong>Job Title:</strong> {{ cover_letter.job_title }}</p>
            <p><strong>Company Name:</strong> {{ cover_letter.company_name }}</p>
        </div>
    </div>

    <div class=""main-body"">
        <p>{{ cover_letter.introduction }}</p>
        <p>{{ cover_letter.job_description }}</p>
        <p>{{ cover_letter.experience }}</p>
        <p>{{ cover_letter.body }}</p>
    </div>

    <div class=""signature"">
        <p>Sincerely,</p>
        <p>{{ cover_letter.name }}</p>
    </div>
</div>

</body>
</html>"5,CoverLetter,Minimalist,"<!DOCTYPE html>
<html lang=""en"">
<head>
    <meta charset=""UTF-8"">
    <meta name=""viewport"" content=""width=device-width, initial-scale=1.0"">
    <title>Minimalist Cover Letter</title>
    <link rel=""stylesheet"" href=""https://stackpath.bootstrapcdn.com/bootstrap/4.5.2/css/bootstrap.min.css"">
    <style>
        body {
            font-family: Arial, sans-serif;
            color: #333;
            background-color: #f9f9f9;
            padding: 20px;
        }
        .container {
            background: #fff;
            padding: 30px;
            margin-top: 20px;
            box-shadow: 0 0 10px rgba(0, 0, 0, 0.05);
            border-radius: 5px;
            max-width: 800px;
            margin: 0 auto;
        }
        header {
            margin-bottom: 20px;
            text-align: left;
        }
        header h1 {
            font-size: 24px;
            color: #000;
            margin-bottom: 5px;
        }
        .personal-info, .job-details {
            margin-bottom: 20px;
        }
        .personal-info p, .job-details p {
            margin: 5px 0;
            font-size: 14px;
        }
        .main-body {
            margin-top: 20px;
        }
        .main-body p {
            margin: 15px 0;
            font-size: 16px;
        }
        .signature {
            margin-top: 40px;
            text-align: left;
        }
        .signature p {
            margin: 5px 0;
        }
    </style>
</head>
<body>

<div class=""container"">
    <header>
        <h1>Minimalist Cover Letter</h1>
    </header>

    <div class=""personal-info"">
        <p><strong>Recipient's Name:</strong> {{ cover_letter.name }}</p>
        <p><strong>Email:</strong> {{ cover_letter.email }}</p>
        <p><strong>Phone Number:</strong> {{ cover_letter.phone_number }}</p>
        <p><strong>Address:</strong> {{ cover_letter.address }}</p>
    </div>

    <div class=""job-details"">
        <p><strong>Job Title:</strong> {{ cover_letter.job_title }}</p>
        <p><strong>Company Name:</strong> {{ cover_letter.company_name }}</p>
    </div>

    <div class=""main-body"">
        <p>{{ cover_letter.introduction }}</p>
        <p>{{ cover_letter.job_description }}</p>
        <p>{{ cover_letter.experience }}</p>
        <p>{{ cover_letter.body }}</p>
    </div>

    <div class=""signature"">
        <p>Sincerely,</p>
        <p>{{ cover_letter.name }}</p>
    </div>
</div>

</body>
</html>"6,CoverLetter,    Elegant,"<!DOCTYPE html>
<html lang=""en"">
<head>
    <meta charset=""UTF-8"">
    <meta name=""viewport"" content=""width=device-width, initial-scale=1.0"">
    <title>Elegant Cover Letter</title>
    <link rel=""stylesheet"" href=""https://stackpath.bootstrapcdn.com/bootstrap/4.5.2/css/bootstrap.min.css"">
    <style>
        body {
            font-family: 'Georgia', serif;
            color: #333;
            background-color: #f5f5f5;
            padding: 40px;
        }
        .container {
            background: #fff;
            padding: 40px;
            margin-top: 20px;
            box-shadow: 0 0 20px rgba(0, 0, 0, 0.1);
            border-radius: 10px;
            max-width: 800px;
            margin: 0 auto;
        }
        header {
            border-bottom: 2px solid #4A90E2;
            padding-bottom: 10px;
            margin-bottom: 20px;
        }
        header h1 {
            font-size: 28px;
            color: #4A90E2;
            margin-bottom: 5px;
        }
        .personal-info, .job-details {
            margin-bottom: 20px;
        }
        .personal-info p, .job-details p {
            margin: 5px 0;
            font-size: 16px;
        }
        .main-body {
            margin-top: 20px;
        }
        .main-body p {
            margin: 20px 0;
            font-size: 18px;
            line-height: 1.8;
        }
        .signature {
            margin-top: 40px;
            text-align: left;
        }
        .signature p {
            margin: 5px 0;
        }
    </style>
</head>
<body>

<div class=""container"">
    <header>
        <h1>Elegant Cover Letter</h1>
    </header>

    <div class=""personal-info"">
        <p><strong>Recipient's Name:</strong> {{ cover_letter.name }}</p>
        <p><strong>Email:</strong> {{ cover_letter.email }}</p>
        <p><strong>Phone Number:</strong> {{ cover_letter.phone_number }}</p>
        <p><strong>Address:</strong> {{ cover_letter.address }}</p>
    </div>

    <div class=""job-details"">
        <p><strong>Job Title:</strong> {{ cover_letter.job_title }}</p>
        <p><strong>Company Name:</strong> {{ cover_letter.company_name }}</p>
    </div>

    <div class=""main-body"">
        <p>{{ cover_letter.introduction }}</p>
        <p>{{ cover_letter.job_description }}</p>
        <p>{{ cover_letter.experience }}</p>
        <p>{{ cover_letter.body }}</p>
    </div>

    <div class=""signature"">
        <p>Sincerely,</p>
        <p>{{ cover_letter.name }}</p>
    </div>
</div>

</body>
</html>"7,CoverLetter,Detailed,"<!DOCTYPE html>
<html lang=""en"">
<head>
    <meta charset=""UTF-8"">
    <meta name=""viewport"" content=""width=device-width, initial-scale=1.0"">
    <title>Detailed Cover Letter</title>
    <link rel=""stylesheet"" href=""https://stackpath.bootstrapcdn.com/bootstrap/4.5.2/css/bootstrap.min.css"">
    <style>
        body {
            font-family: 'Arial', sans-serif;
            line-height: 1.8;
            color: #333;
            background-color: #f9f9f9;
            padding: 20px;
        }
        .container {
            background: #fff;
            padding: 30px;
            margin-top: 20px;
            box-shadow: 0 0 20px rgba(0, 0, 0, 0.1);
            border-radius: 10px;
            max-width: 900px;
            margin: 0 auto;
        }
        header {
            border-bottom: 2px solid #6c757d;
            padding-bottom: 10px;
            margin-bottom: 20px;
        }
        header h1 {
            font-size: 26px;
            color: #6c757d;
            margin-bottom: 5px;
        }
        .personal-info, .job-details, .main-body {
            margin-bottom: 20px;
        }
        .personal-info p, .job-details p {
            margin: 5px 0;
            font-size: 16px;
        }
        .main-body p {
            margin: 15px 0;
            font-size: 18px;
            line-height: 1.6;
        }
        .signature {
            margin-top: 40px;
            text-align: left;
        }
        .signature p {
            margin: 5px 0;
        }
    </style>
</head>
<body>

<div class=""container"">
    <header>
        <h1>Detailed Cover Letter</h1>
    </header>

    <div class=""personal-info"">
        <p><strong>Recipient's Name:</strong> {{ cover_letter.name }}</p>
        <p><strong>Email:</strong> {{ cover_letter.email }}</p>
        <p><strong>Phone Number:</strong> {{ cover_letter.phone_number }}</p>
        <p><strong>Address:</strong> {{ cover_letter.address }}</p>
    </div>

    <div class=""job-details"">
        <p><strong>Job Title:</strong> {{ cover_letter.job_title }}</p>
        <p><strong>Company Name:</strong> {{ cover_letter.company_name }}</p>
    </div>

    <div class=""main-body"">
        <p>{{ cover_letter.introduction }}</p>
        <p>{{ cover_letter.job_description }}</p>
        <p>{{ cover_letter.experience }}</p>
        <p>{{ cover_letter.body }}</p>
    </div>

    <div class=""signature"">
        <p>Sincerely,</p>
        <p>{{ cover_letter.name }}</p>
    </div>
</div>

</body>
</html>"8,CoverLetter,Personalized,"<!DOCTYPE html>
<html lang=""en"">
<head>
    <meta charset=""UTF-8"">
    <meta name=""viewport"" content=""width=device-width, initial-scale=1.0"">
    <title>Personalized Cover Letter</title>
    <link rel=""stylesheet"" href=""https://stackpath.bootstrapcdn.com/bootstrap/4.5.2/css/bootstrap.min.css"">
    <style>
        body {
            font-family: 'Georgia', serif;
            line-height: 1.8;
            color: #333;
            background-color: #fefefe;
            padding: 20px;
        }
        .container {
            background: #fff;
            padding: 30px;
            margin-top: 20px;
            box-shadow: 0 0 20px rgba(0, 0, 0, 0.1);
            border-radius: 10px;
            max-width: 900px;
            margin: 0 auto;
        }
        header {
            text-align: center;
            margin-bottom: 20px;
        }
        header h1 {
            font-size: 28px;
            color: #ff6f61;
            margin-bottom: 5px;
        }
        .personal-info, .job-details, .main-body {
            margin-bottom: 20px;
        }
        .personal-info p, .job-details p {
            margin: 5px 0;
            font-size: 16px;
        }
        .main-body p {
            margin: 15px 0;
            font-size: 18px;
            line-height: 1.6;
        }
        .signature {
            margin-top: 40px;
            text-align: left;
        }
        .signature p {
            margin: 5px 0;
        }
    </style>
</head>
<body>

<div class=""container"">
    <header>
        <h1>Personalized Cover Letter</h1>
    </header>

    <div class=""personal-info"">
        <p><strong>Recipient's Name:</strong> {{ cover_letter.name }}</p>
        <p><strong>Email:</strong> {{ cover_letter.email }}</p>
        <p><strong>Phone Number:</strong> {{ cover_letter.phone_number }}</p>
        <p><strong>Address:</strong> {{ cover_letter.address }}</p>
    </div>

    <div class=""job-details"">
        <p><strong>Job Title:</strong> {{ cover_letter.job_title }}</p>
        <p><strong>Company Name:</strong> {{ cover_letter.company_name }}</p>
    </div>

    <div class=""main-body"">
        <p>{{ cover_letter.introduction }}</p>
        <p>{{ cover_letter.job_description }}</p>
        <p>{{ cover_letter.experience }}</p>
        <p>{{ cover_letter.body }}</p>
    </div>

    <div class=""signature"">
        <p>Sincerely,</p>
        <p>{{ cover_letter.name }}</p>
    </div>
</div>

</body>
</html>"9,InvitationCard,Classic,"<!DOCTYPE html>
<html lang=""en"">
<head>
    <meta charset=""UTF-8"">
    <meta name=""viewport"" content=""width=device-width, initial-scale=1.0"">
    <title>Classic Invitation Card</title>
    <link rel=""stylesheet"" href=""https://stackpath.bootstrapcdn.com/bootstrap/4.5.2/css/bootstrap.min.css"">
    <style>
        body {
            font-family: 'Times New Roman', Times, serif;
            background-color: #f8f9fa;
            padding: 20px;
            margin: 0;
        }
        .container {
            max-width: 800px;
            background: #fff;
            padding: 30px;
            margin: 20px auto;
            box-shadow: 0 0 15px rgba(0, 0, 0, 0.2);
            border-radius: 10px;
            border: 1px solid #ccc;
        }
        h1, h2 {
            font-family: 'Georgia', serif;
            text-align: center;
            color: #5a5a5a;
            margin-bottom: 20px;
        }
        h1 {
            font-size: 32px;
        }
        h2 {
            font-size: 24px;
            margin-bottom: 40px;
        }
        .content-section {
            margin-bottom: 30px;
        }
        .content-section p {
            font-size: 18px;
            margin: 10px 0;
            color: #333;
        }
        .section-title {
            font-size: 20px;
            font-weight: bold;
            margin-bottom: 15px;
            color: #4a4a4a;
            text-align: center;
        }
        .details {
            padding: 10px 20px;
            border: 1px solid #e1e1e1;
            border-radius: 5px;
            margin-bottom: 20px;
        }
        .message {
            font-size: 18px;
            font-style: italic;
            color: #666;
            text-align: center;
            margin-bottom: 20px;
        }
        .signature {
            text-align: center;
            margin-top: 40px;
        }
        .signature p {
            font-size: 20px;
            margin: 0;
        }
        .signature .name {
            font-weight: bold;
        }
    </style>
</head>
<body>

<div class=""container"">
    <h1>You Are Invited!</h1>
    <h2>{{ invitation.event.event_type }}</h2>

    <div class=""content-section"">
        <div class=""section-title"">Event Details</div>
        <div class=""details"">
            <p>Date: {{ invitation.event.event_date }}</p>
            <p>Time: {{ invitation.event.event_time }}</p>
            <p>Location: {{ invitation.event.event_location }}</p>
        </div>
    </div>

    <div class=""content-section"">
        <div class=""section-title"">Host Information</div>
        <div class=""details"">
            <p>Host: {{ invitation.host.hostname }}</p>
            <p>Email: {{ invitation.host.host_email }}</p>
            <p>Phone: {{ invitation.host.host_phone_number }}</p>
            <p>Address: {{ invitation.host.host_address }}</p>
        </div>
    </div>

    <div class=""message"">
        ""{{ invitation.message.message }}""
    </div>

    <div class=""content-section"">
        <div class=""section-title"">Additional Information</div>
        <p>{{ invitation.body }}</p>
    </div>

    <div class=""signature"">
        <p class=""name"">{{ invitation.host.hostname }}</p>
        <p>Looking forward to seeing you!</p>
    </div>
</div>

</body>
</html>"10,InvitationCard,Rustic,"<!DOCTYPE html>
<html lang=""en"">
<head>
    <meta charset=""UTF-8"">
    <meta name=""viewport"" content=""width=device-width, initial-scale=1.0"">
    <title>Rustic Invitation Card</title>
    <link rel=""stylesheet"" href=""https://stackpath.bootstrapcdn.com/bootstrap/4.5.2/css/bootstrap.min.css"">
    <style>
        body {
            font-family: 'Courier New', Courier, monospace;
            background-color: #f4f4f4;
            padding: 20px;
            margin: 0;
            background-image: url('https://www.toptal.com/designers/subtlepatterns/patterns/symphony.png');
        }
        .container {
            max-width: 800px;
            background: #fff;
            padding: 30px;
            margin: 20px auto;
            box-shadow: 0 0 15px rgba(0, 0, 0, 0.1);
            border-radius: 10px;
            border: 1px solid #ddd;
            background-image: url('https://www.toptal.com/designers/subtlepatterns/patterns/wood_pattern.png');
            background-size: cover;
        }
        h1, h2 {
            font-family: 'Georgia', serif;
            text-align: center;
            color: #6b4f4f;
            margin-bottom: 20px;
        }
        h1 {
            font-size: 36px;
        }
        h2 {
            font-size: 26px;
            margin-bottom: 40px;
        }
        .content-section {
            margin-bottom: 30px;
        }
        .content-section p {
            font-size: 18px;
            margin: 10px 0;
            color: #333;
        }
        .section-title {
            font-size: 20px;
            font-weight: bold;
            margin-bottom: 15px;
            color: #8a6b6b;
            text-align: center;
        }
        .details {
            padding: 15px 25px;
            border: 1px solid #e1e1e1;
            border-radius: 5px;
            margin-bottom: 20px;
            background-color: rgba(255, 255, 255, 0.8);
        }
        .message {
            font-size: 18px;
            font-style: italic;
            color: #666;
            text-align: center;
            margin-bottom: 20px;
        }
        .signature {
            text-align: center;
            margin-top: 40px;
        }
        .signature p {
            font-size: 20px;
            margin: 0;
        }
        .signature .name {
            font-weight: bold;
        }
    </style>
</head>
<body>

<div class=""container"">
    <h1>You're Invited!</h1>
    <h2>{{ invitation.event.event_type }}</h2>

    <div class=""content-section"">
        <div class=""section-title"">Event Details</div>
        <div class=""details"">
            <p><strong>Date:</strong> {{ invitation.event.event_date }}</p>
            <p><strong>Time:</strong> {{ invitation.event.event_time }}</p>
            <p><strong>Location:</strong> {{ invitation.event.event_location }}</p>
        </div>
    </div>

    <div class=""content-section"">
        <div class=""section-title"">Host Information</div>
        <div class=""details"">
            <p><strong>Host:</strong> {{ invitation.host.hostname }}</p>
            <p><strong>Email:</strong> {{ invitation.host.host_email }}</p>
            <p><strong>Phone:</strong> {{ invitation.host.host_phone_number }}</p>
            <p><strong>Address:</strong> {{ invitation.host.host_address }}</p>
        </div>
    </div>

    <div class=""message"">
        ""{{ invitation.message.message }}""
    </div>

    <div class=""content-section"">
        <div class=""section-title"">Additional Information</div>
        <p>{{ invitation.body }}</p>
    </div>

    <div class=""signature"">
        <p class=""name"">{{ invitation.host.hostname }}</p>
        <p>Looking forward to seeing you!</p>
    </div>
</div>

</body>
</html>"11,InvitationCard,Modern,"<!DOCTYPE html>
<html lang=""en"">
<head>
    <meta charset=""UTF-8"">
    <meta name=""viewport"" content=""width=device-width, initial-scale=1.0"">
    <title>Modern Invitation Card</title>
    <link rel=""stylesheet"" href=""https://stackpath.bootstrapcdn.com/bootstrap/4.5.2/css/bootstrap.min.css"">
    <style>
        body {
            font-family: 'Arial', sans-serif;
            background-color: #f4f4f4;
            padding: 20px;
            margin: 0;
        }
        .container {
            max-width: 800px;
            background: #fff;
            padding: 30px;
            margin: 20px auto;
            box-shadow: 0 0 15px rgba(0, 0, 0, 0.1);
            border-radius: 10px;
        }
        h1, h2 {
            font-family: 'Helvetica Neue', Helvetica, Arial, sans-serif;
            text-align: center;
            color: #333;
            margin-bottom: 20px;
        }
        h1 {
            font-size: 36px;
        }
        h2 {
            font-size: 26px;
            margin-bottom: 40px;
        }
        .content-section {
            margin-bottom: 30px;
            display: flex;
            flex-direction: column;
            align-items: center;
        }
        .content-section p {
            font-size: 18px;
            margin: 10px 0;
            color: #666;
            text-align: center;
            max-width: 600px;
        }
        .section-title {
            font-size: 20px;
            font-weight: bold;
            margin-bottom: 15px;
            color: #007BFF;
            text-align: center;
            text-transform: uppercase;
        }
        .details {
            padding: 20px;
            border: 1px solid #e1e1e1;
            border-radius: 10px;
            margin-bottom: 20px;
            background-color: #f9f9f9;
            width: 100%;
            max-width: 600px;
        }
        .details p {
            margin: 0;
        }
        .message {
            font-size: 18px;
            font-style: italic;
            color: #333;
            text-align: center;
            margin-bottom: 30px;
        }
        .signature {
            text-align: center;
            margin-top: 40px;
        }
        .signature p {
            font-size: 20px;
            margin: 0;
        }
        .signature .name {
            font-weight: bold;
            color: #007BFF;
        }
    </style>
</head>
<body>

<div class=""container"">
    <h1>You're Invited!</h1>
    <h2>{{ invitation.event.event_type }}</h2>

    <div class=""content-section"">
        <div class=""section-title"">Event Details</div>
        <div class=""details"">
            <p><strong>Date:</strong> {{ invitation.event.event_date }}</p>
            <p><strong>Time:</strong> {{ invitation.event.event_time }}</p>
            <p><strong>Location:</strong> {{ invitation.event.event_location }}</p>
        </div>
    </div>

    <div class=""content-section"">
        <div class=""section-title"">Host Information</div>
        <div class=""details"">
            <p><strong>Host:</strong> {{ invitation.host.hostname }}</p>
            <p><strong>Email:</strong> {{ invitation.host.host_email }}</p>
            <p><strong>Phone:</strong> {{ invitation.host.host_phone_number }}</p>
            <p><strong>Address:</strong> {{ invitation.host.host_address }}</p>
        </div>
    </div>

    <div class=""message"">
        ""{{ invitation.message.message }}""
    </div>

    <div class=""content-section"">
        <div class=""section-title"">Additional Information</div>
        <p>{{ invitation.body }}</p>
    </div>

    <div class=""signature"">
        <p class=""name"">{{ invitation.host.hostname }}</p>
        <p>Looking forward to seeing you!</p>
    </div>
</div>

</body>
</html>"12,InvitationCard,Vintage,"<!DOCTYPE html>
<html lang=""en"">
<head>
    <meta charset=""UTF-8"">
    <meta name=""viewport"" content=""width=device-width, initial-scale=1.0"">
    <title>Vintage Invitation Card</title>
    <link rel=""stylesheet"" href=""https://stackpath.bootstrapcdn.com/bootstrap/4.5.2/css/bootstrap.min.css"">
    <style>
        body {
            font-family: 'Times New Roman', serif;
            background-color: #f7f0e1;
            padding: 20px;
            margin: 0;
        }
        .container {
            max-width: 800px;
            background: #fff;
            padding: 40px;
            margin: 20px auto;
            box-shadow: 0 0 15px rgba(0, 0, 0, 0.2);
            border-radius: 10px;
            border: 2px solid #d1bfa7;
            background-image: url('https://www.transparenttextures.com/patterns/old-wall.png');
        }
        h1, h2 {
            font-family: 'Cursive', serif;
            text-align: center;
            color: #4b3832;
            margin-bottom: 20px;
        }
        h1 {
            font-size: 40px;
            margin-bottom: 10px;
        }
        h2 {
            font-size: 28px;
            margin-bottom: 30px;
        }
        .content-section {
            margin-bottom: 30px;
            text-align: center;
        }
        .content-section p {
            font-size: 18px;
            margin: 10px 0;
            color: #5e503f;
            max-width: 600px;
            margin-left: auto;
            margin-right: auto;
        }
        .section-title {
            font-size: 22px;
            font-weight: bold;
            margin-bottom: 15px;
            color: #4b3832;
            text-transform: uppercase;
        }
        .details {
            padding: 20px;
            border: 1px solid #d1bfa7;
            border-radius: 10px;
            margin-bottom: 20px;
            background-color: #fefefe;
            width: 100%;
            max-width: 600px;
            margin-left: auto;
            margin-right: auto;
        }
        .details p {
            margin: 5px 0;
        }
        .message {
            font-size: 18px;
            font-style: italic;
            color: #5e503f;
            text-align: center;
            margin-bottom: 30px;
        }
        .signature {
            text-align: center;
            margin-top: 40px;
        }
        .signature p {
            font-size: 20px;
            margin: 0;
        }
        .signature .name {
            font-weight: bold;
            color: #4b3832;
        }
    </style>
</head>
<body>

<div class=""container"">
    <h1>You're Invited!</h1>
    <h2>{{ invitation.event.event_type }}</h2>

    <div class=""content-section"">
        <div class=""section-title"">Event Details</div>
        <div class=""details"">
            <p><strong>Date:</strong> {{ invitation.event.event_date }}</p>
            <p><strong>Time:</strong> {{ invitation.event.event_time }}</p>
            <p><strong>Location:</strong> {{ invitation.event.event_location }}</p>
        </div>
    </div>

    <div class=""content-section"">
        <div class=""section-title"">Host Information</div>
        <div class=""details"">
            <p><strong>Host:</strong> {{ invitation.host.hostname }}</p>
            <p><strong>Email:</strong> {{ invitation.host.host_email }}</p>
            <p><strong>Phone:</strong> {{ invitation.host.host_phone_number }}</p>
            <p><strong>Address:</strong> {{ invitation.host.host_address }}</p>
        </div>
    </div>

    <div class=""message"">
        ""{{ invitation.message.message }}""
    </div>

    <div class=""content-section"">
        <div class=""section-title"">Additional Information</div>
        <p>{{ invitation.body }}</p>
    </div>

    <div class=""signature"">
        <p class=""name"">{{ invitation.host.hostname }}</p>
        <p>We look forward to your presence!</p>
    </div>
</div>

</body>
</html>"13,InvitationCard,Floral,"<!DOCTYPE html>
<html lang=""en"">
<head>
    <meta charset=""UTF-8"">
    <meta name=""viewport"" content=""width=device-width, initial-scale=1.0"">
    <title>Floral Invitation Card</title>
    <link rel=""stylesheet"" href=""https://stackpath.bootstrapcdn.com/bootstrap/4.5.2/css/bootstrap.min.css"">
    <style>
        body {
            font-family: 'Georgia', serif;
            background-color: #fff8f0;
            padding: 20px;
            margin: 0;
            background-image: url('https://www.transparenttextures.com/patterns/bedge-grunge.png');
        }
        .container {
            max-width: 800px;
            background: #ffffff;
            padding: 40px;
            margin: 20px auto;
            box-shadow: 0 0 15px rgba(0, 0, 0, 0.2);
            border-radius: 15px;
            border: 3px solid #f0a1a8;
            background-image: url('https://www.transparenttextures.com/patterns/paper-fibers.png');
        }
        h1, h2 {
            font-family: 'Cursive', serif;
            text-align: center;
            color: #bf527a;
            margin-bottom: 20px;
        }
        h1 {
            font-size: 40px;
            margin-bottom: 10px;
        }
        h2 {
            font-size: 28px;
            margin-bottom: 30px;
        }
        .content-section {
            margin-bottom: 30px;
            text-align: center;
        }
        .content-section p {
            font-size: 18px;
            margin: 10px 0;
            color: #5e503f;
            max-width: 600px;
            margin-left: auto;
            margin-right: auto;
        }
        .section-title {
            font-size: 22px;
            font-weight: bold;
            margin-bottom: 15px;
            color: #bf527a;
            text-transform: uppercase;
        }
        .details {
            padding: 20px;
            border: 1px solid #f0a1a8;
            border-radius: 10px;
            margin-bottom: 20px;
            background-color: #fff0f5;
            width: 100%;
            max-width: 600px;
            margin-left: auto;
            margin-right: auto;
        }
        .details p {
            margin: 5px 0;
        }
        .message {
            font-size: 18px;
            font-style: italic;
            color: #5e503f;
            text-align: center;
            margin-bottom: 30px;
        }
        .signature {
            text-align: center;
            margin-top: 40px;
        }
        .signature p {
            font-size: 20px;
            margin: 0;
        }
        .signature .name {
            font-weight: bold;
            color: #bf527a;
        }
        .floral-decor {
            width: 100px;
            margin: 0 auto 20px auto;
        }
        .header {
            text-align: center;
            margin-bottom: 40px;
        }
    </style>
</head>
<body>

<div class=""container"">
    <div class=""header"">
        <img src=""https://via.placeholder.com/100x100?text=Floral+Image"" alt=""Floral Decor"" class=""floral-decor"">
        <h1>You're Invited!</h1>
        <h2>{{ invitation.event.event_type }}</h2>
    </div>

    <div class=""content-section"">
        <div class=""section-title"">Event Details</div>
        <div class=""details"">
            <p><strong>Date:</strong> {{ invitation.event.event_date }}</p>
            <p><strong>Time:</strong> {{ invitation.event.event_time }}</p>
            <p><strong>Location:</strong> {{ invitation.event.event_location }}</p>
        </div>
    </div>

    <div class=""content-section"">
        <div class=""section-title"">Host Information</div>
        <div class=""details"">
            <p><strong>Host:</strong> {{ invitation.host.hostname }}</p>
            <p><strong>Email:</strong> {{ invitation.host.host_email }}</p>
            <p><strong>Phone:</strong> {{ invitation.host.host_phone_number }}</p>
            <p><strong>Address:</strong> {{ invitation.host.host_address }}</p>
        </div>
    </div>

    <div class=""message"">
        ""{{ invitation.message.message }}""
    </div>

    <div class=""content-section"">
        <div class=""section-title"">Additional Information</div>
        <p>{{ invitation.body }}</p>
    </div>

    <div class=""signature"">
        <p class=""name"">{{ invitation.host.hostname }}</p>
        <p>We look forward to your presence!</p>
    </div>
</div>

</body>
</html>"14,InvitationCard,Minimalist,"<!DOCTYPE html>
<html lang=""en"">
<head>
    <meta charset=""UTF-8"">
    <meta name=""viewport"" content=""width=device-width, initial-scale=1.0"">
    <title>Minimalist Invitation Card</title>
    <link rel=""stylesheet"" href=""https://stackpath.bootstrapcdn.com/bootstrap/4.5.2/css/bootstrap.min.css"">
    <style>
        body {
            font-family: 'Arial', sans-serif;
            background-color: #f7f7f7;
            padding: 20px;
            margin: 0;
        }
        .container {
            max-width: 700px;
            background: #ffffff;
            padding: 40px;
            margin: 20px auto;
            box-shadow: 0 0 10px rgba(0, 0, 0, 0.1);
            border-radius: 10px;
            text-align: center;
        }
        h1, h2 {
            font-family: 'Helvetica', sans-serif;
            color: #333333;
            margin-bottom: 20px;
        }
        h1 {
            font-size: 36px;
            margin-bottom: 10px;
        }
        h2 {
            font-size: 24px;
            margin-bottom: 30px;
        }
        .content-section {
            margin-bottom: 30px;
        }
        .content-section p {
            font-size: 18px;
            margin: 10px 0;
            color: #555555;
        }
        .details {
            padding: 20px;
            border: 1px solid #eeeeee;
            border-radius: 5px;
            margin-bottom: 20px;
        }
        .details p {
            margin: 5px 0;
        }
        .message {
            font-size: 18px;
            font-style: italic;
            color: #555555;
            margin-bottom: 30px;
        }
        .signature {
            margin-top: 40px;
        }
        .signature p {
            font-size: 20px;
            margin: 0;
            color: #333333;
        }
        .signature .name {
            font-weight: bold;
        }
    </style>
</head>
<body>

<div class=""container"">
    <h1>You're Invited</h1>
    <h2>{{ invitation.event.event_type }}</h2>

    <div class=""content-section"">
        <div class=""details"">
            <p><strong>Date:</strong> {{ invitation.event.event_date }}</p>
            <p><strong>Time:</strong> {{ invitation.event.event_time }}</p>
            <p><strong>Location:</strong> {{ invitation.event.event_location }}</p>
        </div>
    </div>

    <div class=""content-section"">
        <div class=""details"">
            <p><strong>Host:</strong> {{ invitation.host.hostname }}</p>
            <p><strong>Email:</strong> {{ invitation.host.host_email }}</p>
            <p><strong>Phone:</strong> {{ invitation.host.host_phone_number }}</p>
            <p><strong>Address:</strong> {{ invitation.host.host_address }}</p>
        </div>
    </div>

    <div class=""message"">
        ""{{ invitation.message.message }}""
    </div>

    <div class=""content-section"">
        <p>{{ invitation.body }}</p>
    </div>

    <div class=""signature"">
        <p class=""name"">{{ invitation.host.hostname }}</p>
        <p>We look forward to your presence!</p>
    </div>
</div>

</body>
</html>"15,InvitationCard,Elegant,"<!DOCTYPE html>
<html lang=""en"">
<head>
    <meta charset=""UTF-8"">
    <meta name=""viewport"" content=""width=device-width, initial-scale=1.0"">
    <title>Elegant Invitation Card</title>
    <link rel=""stylesheet"" href=""https://stackpath.bootstrapcdn.com/bootstrap/4.5.2/css/bootstrap.min.css"">
    <style>
        body {
            font-family: 'Georgia', serif;
            background-color: #f7f7f7;
            padding: 20px;
            margin: 0;
        }
        .container {
            max-width: 700px;
            background: #ffffff;
            padding: 40px;
            margin: 20px auto;
            box-shadow: 0 0 20px rgba(0, 0, 0, 0.1);
            border-radius: 10px;
            text-align: center;
            border: 1px solid #ddd;
        }
        h1, h2 {
            font-family: 'Playfair Display', serif;
            color: #333333;
            margin-bottom: 20px;
        }
        h1 {
            font-size: 36px;
            margin-bottom: 10px;
            color: #8B0000;
        }
        h2 {
            font-size: 24px;
            margin-bottom: 30px;
            color: #8B0000;
        }
        .content-section {
            margin-bottom: 30px;
        }
        .content-section p {
            font-size: 18px;
            margin: 10px 0;
            color: #555555;
        }
        .details {
            padding: 20px;
            border: 1px solid #dddddd;
            border-radius: 5px;
            margin-bottom: 20px;
            background-color: #fdfdfd;
        }
        .details p {
            margin: 5px 0;
        }
        .message {
            font-size: 18px;
            font-style: italic;
            color: #555555;
            margin-bottom: 30px;
            padding: 0 20px;
        }
        .signature {
            margin-top: 40px;
        }
        .signature p {
            font-size: 20px;
            margin: 0;
            color: #333333;
        }
        .signature .name {
            font-weight: bold;
            color: #8B0000;
        }
        .decorative-line {
            width: 60%;
            height: 2px;
            background-color: #8B0000;
            margin: 30px auto;
        }
        .button-download {
            display: inline-block;
            background-color: #8B0000;
            color: white;
            padding: 10px 20px;
            font-size: 16px;
            text-align: center;
            border: none;
            border-radius: 5px;
            text-decoration: none;
        }
        .button-download:hover {
            background-color: #a83232;
        }
    </style>
</head>
<body>

<div class=""container"">
    <h1>You're Invited</h1>
    <h2>To Our Special Event</h2>

    <div class=""decorative-line""></div>

    <div class=""content-section"">
        <div class=""details"">
            <p><strong>Date:</strong> {{ invitation.event.event_date }}</p>
            <p><strong>Time:</strong> {{ invitation.event.event_time }}</p>
            <p><strong>Location:</strong> {{ invitation.event.event_location }}</p>
        </div>
    </div>

    <div class=""content-section"">
        <div class=""details"">
            <p><strong>Host:</strong> {{ invitation.host.hostname }}</p>
            <p><strong>Email:</strong> {{ invitation.host.host_email }}</p>
            <p><strong>Phone:</strong> {{ invitation.host.host_phone_number }}</p>
        </div>
    </div>

    <div class=""message"">
        ""{{ invitation.message.message }}""
    </div>

    <div class=""content-section"">
        <p>{{ invitation.body }}</p>
    </div>

    <div class=""signature"">
        <p class=""name"">{{ invitation.host.hostname }}</p>
        <p>We look forward to your presence!</p>
    </div>

    <div class=""decorative-line""></div>

</div>

</body>
</html>"16,InvitationCard,Whimsical,"<!DOCTYPE html>
<html lang=""en"">
<head>
    <meta charset=""UTF-8"">
    <meta name=""viewport"" content=""width=device-width, initial-scale=1.0"">
    <title>Whimsical Invitation Card</title>
    <link rel=""stylesheet"" href=""https://stackpath.bootstrapcdn.com/bootstrap/4.5.2/css/bootstrap.min.css"">
    <style>
        body {
            font-family: 'Comic Sans MS', cursive, sans-serif;
            background-color: #FFFAF0;
            padding: 20px;
            margin: 0;
        }
        .container {
            max-width: 700px;
            background: #FFFFFF;
            padding: 40px;
            margin: 20px auto;
            box-shadow: 0 0 20px rgba(0, 0, 0, 0.1);
            border-radius: 15px;
            text-align: center;
            border: 2px dashed #FFA07A;
        }
        h1, h2 {
            color: #FF69B4;
            margin-bottom: 20px;
        }
        h1 {
            font-size: 36px;
            margin-bottom: 10px;
        }
        h2 {
            font-size: 24px;
            margin-bottom: 30px;
        }
        .content-section {
            margin-bottom: 30px;
        }
        .content-section p {
            font-size: 18px;
            margin: 10px 0;
            color: #333;
        }
        .details {
            padding: 20px;
            border: 1px dashed #FFA07A;
            border-radius: 5px;
            margin-bottom: 20px;
            background-color: #FFF5EE;
        }
        .details p {
            margin: 5px 0;
        }
        .message {
            font-size: 18px;
            font-style: italic;
            color: #FF69B4;
            margin-bottom: 30px;
            padding: 0 20px;
        }
        .signature {
            margin-top: 40px;
        }
        .signature p {
            font-size: 20px;
            margin: 0;
            color: #FF69B4;
        }
        .signature .name {
            font-weight: bold;
            color: #FF4500;
        }
        .decorative-line {
            width: 60%;
            height: 3px;
            background-color: #FF69B4;
            margin: 30px auto;
        }
        .button-download {
            display: inline-block;
            background-color: #FF69B4;
            color: white;
            padding: 10px 20px;
            font-size: 16px;
            text-align: center;
            border: none;
            border-radius: 10px;
            text-decoration: none;
        }
        .button-download:hover {
            background-color: #FF1493;
        }
        .fun-elements {
            font-size: 30px;
            color: #FF69B4;
        }
    </style>
</head>
<body>

<div class=""container"">
    <h1 class=""fun-elements"">🎉 You're Invited! 🎉</h1>
    <h2>Join Us for a Magical Celebration</h2>

    <div class=""decorative-line""></div>

    <div class=""content-section"">
        <div class=""details"">
            <p><strong>Date:</strong> {{ invitation.event.event_date }}</p>
            <p><strong>Time:</strong> {{ invitation.event.event_time }}</p>
            <p><strong>Location:</strong> {{ invitation.event.event_location }}</p>
        </div>
    </div>

    <div class=""content-section"">
        <div class=""details"">
            <p><strong>Host:</strong> {{ invitation.host.hostname }}</p>
            <p><strong>Email:</strong> {{ invitation.host.host_email }}</p>
            <p><strong>Phone:</strong> {{ invitation.host.host_phone_number }}</p>
        </div>
    </div>

    <div class=""message"">
        ""{{ invitation.message.message }}""
    </div>

    <div class=""content-section"">
        <p>{{ invitation.body }}</p>
    </div>

    <div class=""signature"">
        <p class=""name"">{{ invitation.host.hostname }}</p>
        <p>Can't wait to see you there!</p>
    </div>

    <div class=""decorative-line""></div>

</div>

</body>
</html>"17,CV,Basic,"<!DOCTYPE html>
<html lang=""en"">
{% load static %}

<head>
    <meta charset=""UTF-8"">
    <meta name=""viewport"" content=""width=device-width, initial-scale=1.0"">
    <title>CV Template</title>
    <link rel=""stylesheet"" href=""https://stackpath.bootstrapcdn.com/bootstrap/4.5.2/css/bootstrap.min.css"">
    <style>
        body {
            font-family: Arial, sans-serif;
            line-height: 1.6;
            color: #333;
            background-color: #f4f4f4;
        }
        .container {
            background: #fff;
            padding: 20px;
            margin-top: 20px;
            box-shadow: 0 0 10px rgba(0, 0, 0, 0.1);
            border-radius: 8px;
        }
        h1 {
            font-size: 24px;
            font-weight: bold;
            margin-bottom: 20px;
            text-align: center;
            color: #4CAF50;
        }
        .section {
            margin-bottom: 20px;
        }
        .section-header {
            font-size: 18px;
            font-weight: bold;
            margin-bottom: 10px;
            border-bottom: 2px solid #4CAF50;
            padding-bottom: 5px;
        }
        .section-content p {
            margin: 5px 0;
        }
        .section-content ul {
            padding-left: 20px;
        }
        .section-content ul li {
            margin-bottom: 5px;
        }
        .profile-pic {
            max-width: 150px;
            margin-bottom: 15px;
        }
    </style>
</head>
<body>

<div class=""container"">
    <h1>Curriculum Vitae</h1>

    <div class=""section"">
        <div class=""section-header"">Personal Information</div>
        <div class=""section-content"">
            {% if profile_pic_url %}
                <img src=""{{profile_pic_url}}"" alt=""Profile Image"" class=""img-thumbnail profile-pic"">
            {% endif %}
            <p><strong>Full Name:</strong> {{ cv_resume.personal_info.full_name }}</p>
            <p><strong>Email:</strong> {{ cv_resume.personal_info.email }}</p>
            <p><strong>Phone Number:</strong> {{ cv_resume.personal_info.phone_number }}</p>
            <p><strong>Address:</strong> {{ cv_resume.personal_info.address }}</p>
            <p><strong>Date of Birth:</strong> {{ cv_resume.personal_info.date_of_birth }}</p>
            <p><strong>Nationality:</strong> {{ cv_resume.personal_info.nationality }}</p>
        </div>
    </div>

    <div class=""section"">
        <div class=""section-header"">Education</div>
        <div class=""section-content"">
            <p><strong>Degree:</strong> {{ cv_resume.education.name }}</p>
            <p><strong>Field of Study:</strong> {{ cv_resume.education.field_of_study }}</p>
            <p><strong>Institute:</strong> {{ cv_resume.education.institute }}</p>
            <p><strong>Location:</strong> {{ cv_resume.education.location }}</p>
            <p><strong>Graduation Year:</strong> {{ cv_resume.education.graduation_year }}</p>
        </div>
    </div>

    <div class=""section"">
        <div class=""section-header"">Work Experience</div>
        <div class=""section-content"">
            <p><strong>Company:</strong> {{ cv_resume.work_experience.company }}</p>
            <p><strong>Position:</strong> {{ cv_resume.work_experience.position }}</p>
            <p><strong>Start Date:</strong> {{ cv_resume.work_experience.start_date }}</p>
            <p><strong>End Date:</strong> {{ cv_resume.work_experience.end_date }}</p>
            <p><strong>Responsibilities:</strong> {{ cv_resume.work_experience.responsibilities }}</p>
        </div>
    </div>

    <div class=""section"">
        <div class=""section-header"">Certification</div>
        <div class=""section-content"">
            <p><strong>Name:</strong> {{ cv_resume.certification.certification_name }}</p>
            <p><strong>Issuer Name:</strong> {{ cv_resume.certification.issuer_name }}</p>
            <p><strong>Certification Date:</strong> {{ cv_resume.certification.certification_date }}</p>
        </div>
    </div>

    <div class=""section"">
        <div class=""section-header"">Skills</div>
        <div class=""section-content"">
            <ul>
                {% for skill in cv_resume.skills.all %}
                    <li>{{ skill.name }}</li>
                {% endfor %}
            </ul>
        </div>
    </div>

    <div class=""section"">
        <div class=""section-header"">Additional Information</div>
        <div class=""section-content"">
            {{ cv_resume.body|safe }}
        </div>
    </div>
</div>

</body>
</html>"18,CV,Professional,"<!DOCTYPE html>
<html lang=""en"">
{% load static %}

<head>
    <meta charset=""UTF-8"">
    <meta name=""viewport"" content=""width=device-width, initial-scale=1.0"">
    <title>Professional CV Template</title>
    <link rel=""stylesheet"" href=""https://stackpath.bootstrapcdn.com/bootstrap/4.5.2/css/bootstrap.min.css"">
    <style>
        body {
            font-family: 'Helvetica Neue', Helvetica, Arial, sans-serif;
            line-height: 1.6;
            color: #333;
            background-color: #f4f4f4;
            margin: 0;
            padding: 0;
        }
        .container {
            max-width: 900px;
            margin: 20px auto;
            background: #fff;
            box-shadow: 0 0 15px rgba(0, 0, 0, 0.1);
            border-radius: 10px;
            display: flex;
        }
        .sidebar {
            background: #f0f0f0;
            padding: 20px;
            width: 30%;
            border-top-left-radius: 10px;
            border-bottom-left-radius: 10px;
            text-align: center;
        }
        .profile-pic {
            max-width: 150px;
            border-radius: 50%;
            margin-bottom: 15px;
        }
        .main-content {
            padding: 30px;
            width: 70%;
        }
        h1 {
            font-size: 28px;
            font-weight: bold;
            margin-bottom: 20px;
            color: #333;
        }
        .section {
            margin-bottom: 25px;
        }
        .section-header {
            font-size: 20px;
            font-weight: bold;
            margin-bottom: 10px;
            border-bottom: 2px solid #007BFF;
            padding-bottom: 5px;
        }
        .section-content p {
            margin: 5px 0;
        }
        .section-content ul {
            padding-left: 20px;
        }
        .section-content ul li {
            margin-bottom: 5px;
        }
        .contact-info {
            list-style: none;
            padding: 0;
        }
        .contact-info li {
            margin-bottom: 10px;
        }
        .contact-info i {
            margin-right: 10px;
            color: #007BFF;
        }
    </style>
</head>
<body>

<div class=""container"">
    <div class=""sidebar"">
        {% if profile_pic_url %}
            <img src=""{{ profile_pic_url }}"" alt=""Profile Image"" class=""profile-pic"">
        {% endif %}
        <h1>{{ cv_resume.personal_info.full_name }}</h1>
        <p>{{ cv_resume.personal_info.profession }}</p>
        <ul class=""contact-info"">
            <li><i class=""fas fa-phone-alt""></i>{{ cv_resume.personal_info.phone_number }}</li>
            <li><i class=""fas fa-envelope""></i>{{ cv_resume.personal_info.email }}</li>
            <li><i class=""fas fa-map-marker-alt""></i>{{ cv_resume.personal_info.address }}</li>
            <li><i class=""fas fa-birthday-cake""></i>{{ cv_resume.personal_info.date_of_birth }}</li>
            <li><i class=""fas fa-flag""></i>{{ cv_resume.personal_info.nationality }}</li>
        </ul>
    </div>
    <div class=""main-content"">
        <div class=""section"">
            <div class=""section-header"">About Me</div>
            <div class=""section-content"">
                <p>{{ cv_resume.personal_info.about_me }}</p>
            </div>
        </div>

        <div class=""section"">
            <div class=""section-header"">Education</div>
            <div class=""section-content"">
                <p><strong>Degree:</strong> {{ cv_resume.education.name }}</p>
                <p><strong>Field of Study:</strong> {{ cv_resume.education.field_of_study }}</p>
                <p><strong>Institute:</strong> {{ cv_resume.education.institute }}</p>
                <p><strong>Location:</strong> {{ cv_resume.education.location }}</p>
                <p><strong>Graduation Year:</strong> {{ cv_resume.education.graduation_year }}</p>
            </div>
        </div>

        <div class=""section"">
            <div class=""section-header"">Work Experience</div>
            <div class=""section-content"">
                <p><strong>Company:</strong> {{ cv_resume.work_experience.company }}</p>
                <p><strong>Position:</strong> {{ cv_resume.work_experience.position }}</p>
                <p><strong>Start Date:</strong> {{ cv_resume.work_experience.start_date }}</p>
                <p><strong>End Date:</strong> {{ cv_resume.work_experience.end_date }}</p>
                <p><strong>Responsibilities:</strong> {{ cv_resume.work_experience.responsibilities }}</p>
            </div>
        </div>

        <div class=""section"">
            <div class=""section-header"">Certifications</div>
            <div class=""section-content"">
                <p><strong>Name:</strong> {{ cv_resume.certification.name }}</p>
                <p><strong>Issuer Name:</strong> {{ cv_resume.certification.issuer_name }}</p>
                <p><strong>Certification Date:</strong> {{ cv_resume.certification.date }}</p>
            </div>
        </div>

        <div class=""section"">
            <div class=""section-header"">Skills</div>
            <div class=""section-content"">
                <ul>
                    {% for skill in cv_resume.skills.all %}
                        <li>{{ skill.name }}</li>
                    {% endfor %}
                </ul>
            </div>
        </div>

        <div class=""section"">
            <div class=""section-header"">Additional Information</div>
            <div class=""section-content"">
                {{ cv_resume.body|safe }}
            </div>
        </div>
    </div>
</div>

<script src=""https://kit.fontawesome.com/a076d05399.js"" crossorigin=""anonymous""></script>
</body>
</html>"19,CV,Modern,"<!DOCTYPE html>
<html lang=""en"">
{% load static %}

<head>
    <meta charset=""UTF-8"">
    <meta name=""viewport"" content=""width=device-width, initial-scale=1.0"">
    <title>Modern Stylish CV Template</title>
    <link rel=""stylesheet"" href=""https://stackpath.bootstrapcdn.com/bootstrap/4.5.2/css/bootstrap.min.css"">
    <style>
        body {
            font-family: 'Helvetica Neue', Helvetica, Arial, sans-serif;
            line-height: 1.6;
            color: #333;
            background-color: #f4f4f4;
            margin: 0;
            padding: 0;
        }
        .container {
            max-width: 900px;
            margin: 20px auto;
            background: #fff;
            box-shadow: 0 0 15px rgba(0, 0, 0, 0.1);
            border-radius: 10px;
            display: flex;
            overflow: hidden;
            position: relative;
        }
        .sidebar {
            background: #1a73e8;
            padding: 20px;
            width: 35%;
            text-align: center;
            color: #fff;
            position: relative;
        }
        .sidebar::before {
            content: '';
            position: absolute;
            top: 0;
            right: 0;
            bottom: 0;
            left: 0;
            background: rgba(0, 0, 0, 0.2);
            z-index: 1;
        }
        .profile-pic {
            max-width: 120px;
            border-radius: 50%;
            margin-bottom: 15px;
            position: relative;
            z-index: 2;
        }
        .sidebar-content {
            position: relative;
            z-index: 2;
        }
        .sidebar h1 {
            font-size: 24px;
            font-weight: bold;
            margin-bottom: 10px;
        }
        .sidebar p {
            margin-bottom: 20px;
        }
        .contact-info {
            list-style: none;
            padding: 0;
        }
        .contact-info li {
            margin-bottom: 10px;
        }
        .contact-info i {
            margin-right: 10px;
        }
        .main-content {
            padding: 30px;
            width: 65%;
            background: #f9f9f9;
            position: relative;
        }
        .main-content::before {
            content: '';
            position: absolute;
            top: 0;
            right: 0;
            bottom: 0;
            left: 0;
            background: rgba(0, 0, 0, 0.05);
            z-index: 1;
        }
        .section {
            margin-bottom: 25px;
            position: relative;
            z-index: 2;
        }
        .section-header {
            font-size: 20px;
            font-weight: bold;
            margin-bottom: 10px;
            border-bottom: 2px solid #1a73e8;
            padding-bottom: 5px;
        }
        .section-content p {
            margin: 5px 0;
        }
        .section-content ul {
            padding-left: 20px;
        }
        .section-content ul li {
            margin-bottom: 5px;
        }
    </style>
</head>
<body>

<div class=""container"">
    <div class=""sidebar"">
        <div class=""sidebar-content"">
            {% if profile_pic_url %}
                <img src=""{{ profile_pic_url }}"" alt=""Profile Image"" class=""profile-pic"">
            {% endif %}
            <h1>{{ cv_resume.personal_info.full_name }}</h1>
            <p>{{ cv_resume.personal_info.profession }}</p>
            <ul class=""contact-info"">
                <li><i class=""fas fa-phone-alt""></i>{{ cv_resume.personal_info.phone_number }}</li>
                <li><i class=""fas fa-envelope""></i>{{ cv_resume.personal_info.email }}</li>
                <li><i class=""fas fa-map-marker-alt""></i>{{ cv_resume.personal_info.address }}</li>
                <li><i class=""fas fa-birthday-cake""></i>{{ cv_resume.personal_info.date_of_birth }}</li>
                <li><i class=""fas fa-flag""></i>{{ cv_resume.personal_info.nationality }}</li>
            </ul>
        </div>
    </div>
    <div class=""main-content"">
        <div class=""section"">
            <div class=""section-header"">About Me</div>
            <div class=""section-content"">
                <p>{{ cv_resume.personal_info.about_me }}</p>
            </div>
        </div>

        <div class=""section"">
            <div class=""section-header"">Education</div>
            <div class=""section-content"">
                <p><strong>Degree:</strong> {{ cv_resume.education.name }}</p>
                <p><strong>Field of Study:</strong> {{ cv_resume.education.field_of_study }}</p>
                <p><strong>Institute:</strong> {{ cv_resume.education.institute }}</p>
                <p><strong>Location:</strong> {{ cv_resume.education.location }}</p>
                <p><strong>Graduation Year:</strong> {{ cv_resume.education.graduation_year }}</p>
            </div>
        </div>

        <div class=""section"">
            <div class=""section-header"">Languages</div>
            <div class=""section-content"">
                <ul>
                    {% for language in cv_resume.personal_info.languages.all %}
                        <li>{{ language.name }}</li>
                    {% endfor %}
                </ul>
            </div>
        </div>

        <div class=""section"">
            <div class=""section-header"">Work Experience</div>
            <div class=""section-content"">
                <p><strong>Company:</strong> {{ cv_resume.work_experience.company }}</p>
                <p><strong>Position:</strong> {{ cv_resume.work_experience.position }}</p>
                <p><strong>Start Date:</strong> {{ cv_resume.work_experience.start_date }}</p>
                <p><strong>End Date:</strong> {{ cv_resume.work_experience.end_date }}</p>
                <p><strong>Responsibilities:</strong> {{ cv_resume.work_experience.responsibilities }}</p>
            </div>
        </div>

        <div class=""section"">
            <div class=""section-header"">Certifications</div>
            <div class=""section-content"">
                <p><strong>Name:</strong> {{ cv_resume.certification.certification_name }}</p>
                <p><strong>Issuer Name:</strong> {{ cv_resume.certification.issuer_name }}</p>
                <p><strong>Certification Date:</strong> {{ cv_resume.certification.certification_date }}</p>
            </div>
        </div>

        <div class=""section"">
            <div class=""section-header"">Skills</div>
            <div class=""section-content"">
                <ul>
                    {% for skill in cv_resume.skills.all %}
                        <li>{{ skill.name }}</li>
                    {% endfor %}
                </ul>
            </div>
        </div>

        <div class=""section"">
            <div class=""section-header"">Additional Information</div>
            <div class=""section-content"">
                {{ cv_resume.body|safe }}
            </div>
        </div>
    </div>
</div>

<script src=""https://kit.fontawesome.com/a076d05399.js"" crossorigin=""anonymous""></script>
</body>
</html>"20,CV,Elegant,"<!DOCTYPE html>
<html lang=""en"">
{% load static %}

<head>
    <meta charset=""UTF-8"">
    <meta name=""viewport"" content=""width=device-width, initial-scale=1.0"">
    <title>Elegant CV Template</title>
    <link rel=""stylesheet"" href=""https://stackpath.bootstrapcdn.com/bootstrap/4.5.2/css/bootstrap.min.css"">
    <style>
        body {
            font-family: 'Helvetica Neue', Helvetica, Arial, sans-serif;
            line-height: 1.6;
            color: #333;
            background-color: #f4f4f4;
            margin: 0;
            padding: 0;
        }
        .container {
            max-width: 900px;
            margin: 20px auto;
            background: #fff;
            box-shadow: 0 0 15px rgba(0, 0, 0, 0.1);
            border-radius: 10px;
            display: flex;
            overflow: hidden;
            position: relative;
        }
        .sidebar {
            background: linear-gradient(135deg, #6a11cb, #2575fc);
            padding: 30px;
            width: 35%;
            text-align: center;
            color: #fff;
            display: flex;
            flex-direction: column;
            align-items: center;
            justify-content: center;
            border-top-left-radius: 10px;
            border-bottom-left-radius: 10px;
        }
        .sidebar h1 {
            font-size: 26px;
            font-weight: bold;
            margin-bottom: 10px;
        }
        .sidebar p {
            margin-bottom: 20px;
        }
        .profile-pic {
            max-width: 120px;
            border-radius: 50%;
            margin-bottom: 15px;
            border: 3px solid #fff;
        }
        .main-content {
            padding: 40px 30px;
            width: 65%;
            background: #fff;
            position: relative;
        }
        .main-content .section {
            margin-bottom: 25px;
        }
        .main-content .section-header {
            font-size: 22px;
            font-weight: bold;
            margin-bottom: 10px;
            color: #6a11cb;
            position: relative;
        }
        .main-content .section-header::after {
            content: '';
            position: absolute;
            bottom: -5px;
            left: 0;
            width: 50px;
            height: 3px;
            background: #2575fc;
        }
        .section-content p {
            margin: 5px 0;
        }
        .section-content ul {
            padding-left: 20px;
        }
        .section-content ul li {
            margin-bottom: 5px;
        }
        .contact-info {
            list-style: none;
            padding: 0;
            text-align: left;
        }
        .contact-info li {
            margin-bottom: 10px;
            display: flex;
            align-items: center;
        }
        .contact-info i {
            margin-right: 10px;
            color: #2575fc;
        }
    </style>
</head>
<body>

<div class=""container"">
    <div class=""sidebar"">
        {% if profile_pic_url %}
            <img src=""{{ profile_pic_url }}"" alt=""Profile Image"" class=""profile-pic"">
        {% endif %}
        <h1>{{ cv_resume.personal_info.full_name }}</h1>
        <p>{{ cv_resume.personal_info.profession }}</p>
        <ul class=""contact-info"">
            <li><i class=""fas fa-phone-alt""></i>{{ cv_resume.personal_info.phone_number }}</li>
            <li><i class=""fas fa-envelope""></i>{{ cv_resume.personal_info.email }}</li>
            <li><i class=""fas fa-map-marker-alt""></i>{{ cv_resume.personal_info.address }}</li>
            <li><i class=""fas fa-birthday-cake""></i>{{ cv_resume.personal_info.date_of_birth }}</li>
            <li><i class=""fas fa-flag""></i>{{ cv_resume.personal_info.nationality }}</li>
        </ul>
    </div>
    <div class=""main-content"">


        <div class=""section"">
            <div class=""section-header"">Education</div>
            <div class=""section-content"">
                <p><strong>Degree:</strong> {{ cv_resume.education.name }}</p>
                <p><strong>Field of Study:</strong> {{ cv_resume.education.field_of_study }}</p>
                <p><strong>Institute:</strong> {{ cv_resume.education.institute }}</p>
                <p><strong>Location:</strong> {{ cv_resume.education.location }}</p>
                <p><strong>Graduation Year:</strong> {{ cv_resume.education.graduation_year }}</p>
            </div>
        </div>

        <div class=""section"">
            <div class=""section-header"">Work Experience</div>
            <div class=""section-content"">
                <p><strong>Company:</strong> {{ cv_resume.work_experience.company }}</p>
                <p><strong>Position:</strong> {{ cv_resume.work_experience.position }}</p>
                <p><strong>Start Date:</strong> {{ cv_resume.work_experience.start_date }}</p>
                <p><strong>End Date:</strong> {{ cv_resume.work_experience.end_date }}</p>
                <p><strong>Responsibilities:</strong> {{ cv_resume.work_experience.responsibilities }}</p>
            </div>
        </div>

        <div class=""section"">
            <div class=""section-header"">Certifications</div>
            <div class=""section-content"">
                <p><strong>Name:</strong> {{ cv_resume.certification.name }}</p>
                <p><strong>Issuer Name:</strong> {{ cv_resume.certification.issuer_name }}</p>
                <p><strong>Certification Date:</strong> {{ cv_resume.certification.date }}</p>
            </div>
        </div>

        <div class=""section"">
            <div class=""section-header"">Skills</div>
            <div class=""section-content"">
                <ul>
                    {% for skill in cv_resume.skills.all %}
                        <li>{{ skill.name }}</li>
                    {% endfor %}
                </ul>
            </div>
        </div>

        <div class=""section"">
            <div class=""section-header"">Additional Information</div>
            <div class=""section-content"">
                {{ cv_resume.body|safe }}
            </div>
        </div>
    </div>
</div>

<script src=""https://kit.fontawesome.com/a076d05399.js"" crossorigin=""anonymous""></script>
</body>
</html>"21,CV,Creative,"<!DOCTYPE html>
<html lang=""en"">
{% load static %}

<head>
    <meta charset=""UTF-8"">
    <meta name=""viewport"" content=""width=device-width, initial-scale=1.0"">
    <title>Creative CV Template</title>
    <link rel=""stylesheet"" href=""https://stackpath.bootstrapcdn.com/bootstrap/4.5.2/css/bootstrap.min.css"">
    <style>
        body {
            font-family: 'Courier New', Courier, monospace;
            background: linear-gradient(135deg, #f9f9f9 25%, #fff 25%, #fff 50%, #f9f9f9 50%, #f9f9f9 75%, #fff 75%, #fff 100%);
            background-size: 28.28px 28.28px;
            margin: 0;
            padding: 20px;
        }
        .container {
            max-width: 1200px;
            margin: auto;
            background: #fff;
            box-shadow: 0 0 20px rgba(0, 0, 0, 0.1);
            border-radius: 15px;
            overflow: hidden;
            display: flex;
            flex-direction: column;
        }
        .header {
            background: linear-gradient(to right, #00c6ff, #0072ff);
            color: #fff;
            padding: 30px;
            text-align: center;
            position: relative;
        }
        .header img {
            border-radius: 50%;
            border: 4px solid #fff;
            max-width: 120px;
            margin-bottom: 20px;
        }
        .header h1 {
            font-size: 36px;
            margin: 10px 0;
        }
        .header p {
            font-size: 18px;
        }
        .main-content {
            padding: 30px;
            display: flex;
            flex-wrap: wrap;
            justify-content: space-between;
        }
        .section {
            width: 45%;
            margin-bottom: 20px;
        }
        .section-header {
            font-size: 24px;
            font-weight: bold;
            margin-bottom: 10px;
            color: #0072ff;
            position: relative;
        }
        .section-header::after {
            content: '';
            position: absolute;
            bottom: -5px;
            left: 0;
            width: 50px;
            height: 4px;
            background: #00c6ff;
        }
        .section-content {
            background: #f1f1f1;
            padding: 15px;
            border-radius: 10px;
        }
        .contact-info {
            list-style: none;
            padding: 0;
        }
        .contact-info li {
            margin-bottom: 10px;
            display: flex;
            align-items: center;
        }
        .contact-info i {
            margin-right: 10px;
            color: #0072ff;
        }
        .skills ul {
            list-style: none;
            padding: 0;
            display: flex;
            flex-wrap: wrap;
        }
        .skills ul li {
            background: #0072ff;
            color: #fff;
            padding: 5px 10px;
            margin: 5px;
            border-radius: 20px;
            font-size: 14px;
        }
        .section-content p, .section-content ul {
            margin: 0;
        }
        .section-content ul {
            padding-left: 20px;
        }
        .section-content ul li {
            margin-bottom: 5px;
        }
    </style>
</head>
<body>

<div class=""container"">
    <div class=""header"">
        {% if profile_pic_url %}
            <img src=""{{ profile_pic_url }}"" alt=""Profile Image"">
        {% endif %}
        <h1>{{ cv_resume.personal_info.full_name }}</h1>
        <p>{{ cv_resume.personal_info.profession }}</p>
    </div>
    <div class=""main-content"">
        <div class=""section"">
            <div class=""section-header"">Contact Information</div>
            <div class=""section-content"">
                <ul class=""contact-info"">
                    <li><i class=""fas fa-phone-alt""></i>{{ cv_resume.personal_info.phone_number }}</li>
                    <li><i class=""fas fa-envelope""></i>{{ cv_resume.personal_info.email }}</li>
                    <li><i class=""fas fa-map-marker-alt""></i>{{ cv_resume.personal_info.address }}</li>
                    <li><i class=""fas fa-birthday-cake""></i>{{ cv_resume.personal_info.date_of_birth }}</li>
                    <li><i class=""fas fa-flag""></i>{{ cv_resume.personal_info.nationality }}</li>
                </ul>
            </div>
        </div>

        <div class=""section"">
            <div class=""section-header"">About Me</div>
            <div class=""section-content"">
                <p>{{ cv_resume.personal_info.about_me }}</p>
            </div>
        </div>

        <div class=""section"">
            <div class=""section-header"">Education</div>
            <div class=""section-content"">
                <p><strong>Degree:</strong> {{ cv_resume.education.name }}</p>
                <p><strong>Field of Study:</strong> {{ cv_resume.education.field_of_study }}</p>
                <p><strong>Institute:</strong> {{ cv_resume.education.institute }}</p>
                <p><strong>Location:</strong> {{ cv_resume.education.location }}</p>
                <p><strong>Graduation Year:</strong> {{ cv_resume.education.graduation_year }}</p>
            </div>
        </div>

        <div class=""section"">
            <div class=""section-header"">Work Experience</div>
            <div class=""section-content"">
                <p><strong>Company:</strong> {{ cv_resume.work_experience.company }}</p>
                <p><strong>Position:</strong> {{ cv_resume.work_experience.position }}</p>
                <p><strong>Start Date:</strong> {{ cv_resume.work_experience.start_date }}</p>
                <p><strong>End Date:</strong> {{ cv_resume.work_experience.end_date }}</p>
                <p><strong>Responsibilities:</strong> {{ cv_resume.work_experience.responsibilities }}</p>
            </div>
        </div>

        <div class=""section"">
            <div class=""section-header"">Certifications</div>
            <div class=""section-content"">
                <p><strong>Name:</strong> {{ cv_resume.certification.name }}</p>
                <p><strong>Issuer Name:</strong> {{ cv_resume.certification.issuer_name }}</p>
                <p><strong>Certification Date:</strong> {{ cv_resume.certification.date }}</p>
            </div>
        </div>

        <div class=""section skills"">
            <div class=""section-header"">Skills</div>
            <div class=""section-content"">
                <ul>
                    {% for skill in cv_resume.skills.all %}
                        <li>{{ skill.name }}</li>
                    {% endfor %}
                </ul>
            </div>
        </div>

        <div class=""section"">
            <div class=""section-header"">Additional Information</div>
            <div class=""section-content"">
                {{ cv_resume.body|safe }}
            </div>
        </div>
    </div>
</div>

<script src=""https://kit.fontawesome.com/a076d05399.js"" crossorigin=""anonymous""></script>
</body>
</html>"22,CV,Minimalist,"<!DOCTYPE html>
<html lang=""en"">
{% load static %}

<head>
    <meta charset=""UTF-8"">
    <meta name=""viewport"" content=""width=device-width, initial-scale=1.0"">
    <title>Minimalist CV Template</title>
    <link rel=""stylesheet"" href=""https://stackpath.bootstrapcdn.com/bootstrap/4.5.2/css/bootstrap.min.css"">
    <style>
        body {
            font-family: Arial, sans-serif;
            line-height: 1.6;
            color: #333;
            background-color: #f9f9f9;
            margin: 0;
            padding: 20px;
        }
        .container {
            max-width: 800px;
            margin: 0 auto;
            background: #fff;
            padding: 20px;
            box-shadow: 0 0 10px rgba(0, 0, 0, 0.1);
            border-radius: 10px;
        }
        .header {
            text-align: center;
            margin-bottom: 20px;
        }
        .header img {
            max-width: 100px;
            border-radius: 50%;
            margin-bottom: 10px;
        }
        .header h1 {
            font-size: 28px;
            margin: 10px 0;
            color: #333;
        }
        .header p {
            font-size: 16px;
            color: #777;
        }
        .section {
            margin-bottom: 20px;
        }
        .section-header {
            font-size: 20px;
            font-weight: bold;
            margin-bottom: 10px;
            border-bottom: 2px solid #007BFF;
            padding-bottom: 5px;
        }
        .section-content p {
            margin: 5px 0;
            font-size: 16px;
            color: #555;
        }
        .section-content ul {
            list-style: none;
            padding: 0;
        }
        .section-content ul li {
            margin-bottom: 5px;
        }
        .contact-info {
            list-style: none;
            padding: 0;
        }
        .contact-info li {
            margin-bottom: 10px;
            font-size: 16px;
            color: #555;
        }
        .contact-info i {
            margin-right: 10px;
            color: #007BFF;
        }
    </style>
</head>
<body>

<div class=""container"">
    <div class=""header"">
        {% if profile_pic_url %}
            <img src=""{{ profile_pic_url }}"" alt=""Profile Image"">
        {% endif %}
        <h1>{{ cv_resume.personal_info.full_name }}</h1>
        <p>{{ cv_resume.personal_info.profession }}</p>
    </div>
    <div class=""section"">
        <div class=""section-header"">Contact Information</div>
        <div class=""section-content"">
            <ul class=""contact-info"">
                <li><i class=""fas fa-phone-alt""></i>{{ cv_resume.personal_info.phone_number }}</li>
                <li><i class=""fas fa-envelope""></i>{{ cv_resume.personal_info.email }}</li>
                <li><i class=""fas fa-map-marker-alt""></i>{{ cv_resume.personal_info.address }}</li>
                <li><i class=""fas fa-birthday-cake""></i>{{ cv_resume.personal_info.date_of_birth }}</li>
                <li><i class=""fas fa-flag""></i>{{ cv_resume.personal_info.nationality }}</li>
            </ul>
        </div>
    </div>



    <div class=""section"">
        <div class=""section-header"">Education</div>
        <div class=""section-content"">
            <p><strong>Degree:</strong> {{ cv_resume.education.name }}</p>
            <p><strong>Field of Study:</strong> {{ cv_resume.education.field_of_study }}</p>
            <p><strong>Institute:</strong> {{ cv_resume.education.institute }}</p>
            <p><strong>Location:</strong> {{ cv_resume.education.location }}</p>
            <p><strong>Graduation Year:</strong> {{ cv_resume.education.graduation_year }}</p>
        </div>
    </div>

    <div class=""section"">
        <div class=""section-header"">Work Experience</div>
        <div class=""section-content"">
            <p><strong>Company:</strong> {{ cv_resume.work_experience.company }}</p>
            <p><strong>Position:</strong> {{ cv_resume.work_experience.position }}</p>
            <p><strong>Start Date:</strong> {{ cv_resume.work_experience.start_date }}</p>
            <p><strong>End Date:</strong> {{ cv_resume.work_experience.end_date }}</p>
            <p><strong>Responsibilities:</strong> {{ cv_resume.work_experience.responsibilities }}</p>
        </div>
    </div>

    <div class=""section"">
        <div class=""section-header"">Certifications</div>
        <div class=""section-content"">
            <p><strong>Name:</strong> {{ cv_resume.certification.name }}</p>
            <p><strong>Issuer Name:</strong> {{ cv_resume.certification.issuer_name }}</p>
            <p><strong>Certification Date:</strong> {{ cv_resume.certification.date }}</p>
        </div>
    </div>

    <div class=""section"">
        <div class=""section-header"">Skills</div>
        <div class=""section-content"">
            <ul>
                {% for skill in cv_resume.skills.all %}
                    <li>{{ skill.name }}</li>
                {% endfor %}
            </ul>
        </div>
    </div>

    <div class=""section"">
        <div class=""section-header"">Additional Information</div>
        <div class=""section-content"">
            {{ cv_resume.body|safe }}
        </div>
    </div>
</div>

<script src=""https://kit.fontawesome.com/a076d05399.js"" crossorigin=""anonymous""></script>
</body>
</html>"23,CV,Infographic,"<!DOCTYPE html>
<html lang=""en"">
{% load static %}

<head>
    <meta charset=""UTF-8"">
    <meta name=""viewport"" content=""width=device-width, initial-scale=1.0"">
    <title>Infographic CV Template</title>
    <link rel=""stylesheet"" href=""https://stackpath.bootstrapcdn.com/bootstrap/4.5.2/css/bootstrap.min.css"">
    <style>
        body {
            font-family: 'Arial', sans-serif;
            line-height: 1.6;
            color: #333;
            background-color: #f4f4f4;
            margin: 0;
            padding: 20px;
        }
        .container {
            max-width: 900px;
            margin: 0 auto;
            background: #fff;
            padding: 20px;
            box-shadow: 0 0 15px rgba(0, 0, 0, 0.1);
            border-radius: 10px;
            display: flex;
            flex-direction: column;
            align-items: center;
        }
        .header {
            text-align: center;
            margin-bottom: 20px;
        }
        .header img {
            max-width: 100px;
            border-radius: 50%;
            margin-bottom: 10px;
        }
        .header h1 {
            font-size: 36px;
            margin: 10px 0;
            color: #333;
        }
        .header p {
            font-size: 18px;
            color: #777;
        }
        .section {
            margin-bottom: 25px;
            width: 100%;
        }
        .section-header {
            font-size: 24px;
            font-weight: bold;
            margin-bottom: 15px;
            color: #007BFF;
        }
        .section-content {
            display: flex;
            justify-content: space-between;
            align-items: flex-start;
            flex-wrap: wrap;
        }
        .section-content div {
            flex: 1 1 45%;
            margin: 10px;
            padding: 15px;
            background: #f9f9f9;
            border-radius: 10px;
            box-shadow: 0 0 10px rgba(0, 0, 0, 0.1);
        }
        .progress-bar-container {
            display: flex;
            flex-direction: column;
        }
        .progress-bar {
            height: 25px;
            background: #e0e0e0;
            border-radius: 10px;
            overflow: hidden;
            margin-bottom: 10px;
        }
        .progress-bar-fill {
            height: 100%;
            background: #007BFF;
            display: flex;
            align-items: center;
            justify-content: center;
            color: white;
            border-radius: 10px;
        }
        .skills ul {
            list-style: none;
            padding: 0;
        }
        .skills ul li {
            margin-bottom: 10px;
        }
    </style>
</head>
<body>

<div class=""container"">
    <div class=""header"">
        {% if profile_pic_url %}
            <img src=""{{ profile_pic_url }}"" alt=""Profile Image"">
        {% endif %}
        <h1>{{ cv_resume.personal_info.full_name }}</h1>
        <p>{{ cv_resume.personal_info.profession }}</p>
    </div>

    <div class=""section"">
        <div class=""section-header"">About Me</div>
        <div class=""section-content"">
            <div>
                <p>{{ cv_resume.personal_info.email }}</p>
                                <p>{{ cv_resume.personal_info.phone_number }}</p>
                                                <p>{{ cv_resume.personal_info.address }}</p>



            </div>
        </div>
    </div>

    <div class=""section"">
        <div class=""section-header"">Education</div>
        <div class=""section-content"">
            <div>
                <p><strong>Degree:</strong> {{ cv_resume.education.name }}</p>
                <p><strong>Field of Study:</strong> {{ cv_resume.education.field_of_study }}</p>
                <p><strong>Institute:</strong> {{ cv_resume.education.institute }}</p>
                <p><strong>Location:</strong> {{ cv_resume.education.location }}</p>
                <p><strong>Graduation Year:</strong> {{ cv_resume.education.graduation_year }}</p>
            </div>
        </div>
    </div>

    <div class=""section"">
        <div class=""section-header"">Work Experience</div>
        <div class=""section-content"">
            <div>
                <p><strong>Company:</strong> {{ cv_resume.work_experience.company }}</p>
                <p><strong>Position:</strong> {{ cv_resume.work_experience.position }}</p>
                <p><strong>Start Date:</strong> {{ cv_resume.work_experience.start_date }}</p>
                <p><strong>End Date:</strong> {{ cv_resume.work_experience.end_date }}</p>
                <p><strong>Responsibilities:</strong> {{ cv_resume.work_experience.responsibilities }}</p>
            </div>
        </div>
    </div>

    <div class=""section"">
        <div class=""section-header"">Certifications</div>
        <div class=""section-content"">
            <div>
                <p><strong>Name:</strong> {{ cv_resume.certification.name }}</p>
                <p><strong>Issuer Name:</strong> {{ cv_resume.certification.issuer_name }}</p>
                <p><strong>Certification Date:</strong> {{ cv_resume.certification.date }}</p>
            </div>
        </div>
    </div>

    <div class=""section skills"">
        <div class=""section-header"">Skills</div>
        <div class=""section-content"">
            <div class=""progress-bar-container"">
                {% for skill in cv_resume.skills.all %}
                <div class="""">
                    <div class="""">{{ skill.name }}</div>
                </div>
                {% endfor %}
            </div>

        </div>
    </div>

    <div class=""section"">
        <div class=""section-header"">Additional Information</div>
        <div class=""section-content"">
            <div>
                {{ cv_resume.body|safe }}
            </div>
        </div>
    </div>
</div>

<script src=""https://kit.fontawesome.com/a076d05399.js"" crossorigin=""anonymous""></script>
</body>
</html>"24,CV,Academic,"<!DOCTYPE html>
<html lang=""en"">
<head>
    <meta charset=""UTF-8"">
    <meta name=""viewport"" content=""width=device-width, initial-scale=1.0"">
    <title>Academic CV Template</title>
    <link rel=""stylesheet"" href=""https://stackpath.bootstrapcdn.com/bootstrap/4.5.2/css/bootstrap.min.css"">
    <style>
        body {
            font-family: 'Georgia', serif;
            line-height: 1.6;
            color: #333;
            background-color: #f8f9fa;
            margin: 0;
            padding: 20px;
        }
        .container {
            max-width: 900px;
            margin: 0 auto;
            background: #fff;
            padding: 20px;
            box-shadow: 0 0 15px rgba(0, 0, 0, 0.1);
            border-radius: 10px;
        }
        .header {
            text-align: center;
            margin-bottom: 20px;
        }
        .header h1 {
            font-size: 36px;
            margin: 10px 0;
            color: #333;
        }
        .header p {
            font-size: 18px;
            color: #777;
        }
        .section {
            margin-bottom: 25px;
        }
        .section-header {
            font-size: 24px;
            font-weight: bold;
            margin-bottom: 15px;
            color: #007BFF;
            border-bottom: 2px solid #007BFF;
            padding-bottom: 5px;
        }
        .section-content {
            margin-left: 20px;
        }
        .publication {
            margin-bottom: 10px;
        }
        .contact-info {
            list-style: none;
            padding: 0;
        }
        .contact-info li {
            margin-bottom: 10px;
        }
        .contact-info i {
            margin-right: 10px;
            color: #007BFF;
        }
    </style>
</head>
<body>

<div class=""container"">
    <div class=""header"">
        {% if profile_pic_url %}
            <img src=""{{ profile_pic_url }}"" alt=""Profile Image"" style=""max-width: 100px; border-radius: 50%; margin-bottom: 10px;"">
        {% endif %}
        <h1>{{ cv_resume.personal_info.full_name }}</h1>
        <p>{{ cv_resume.personal_info.profession }}</p>
        <ul class=""contact-info"">
            <li><i class=""fas fa-phone-alt""></i>{{ cv_resume.personal_info.phone_number }}</li>
            <li><i class=""fas fa-envelope""></i>{{ cv_resume.personal_info.email }}</li>
            <li><i class=""fas fa-map-marker-alt""></i>{{ cv_resume.personal_info.address }}</li>
            <li><i class=""fas fa-birthday-cake""></i>{{ cv_resume.personal_info.date_of_birth }}</li>
            <li><i class=""fas fa-flag""></i>{{ cv_resume.personal_info.nationality }}</li>
        </ul>
    </div>



    <div class=""section"">
        <div class=""section-header"">Education</div>
        <div class=""section-content"">
            <p><strong>{{ cv_resume.education.name }}
            </strong>, {{ cv_resume.education.field_of_study }}</p>
            <p>{{ cv_resume.education.institute }} - {{ education.location }}
                ({{cv_resume.education.graduation_year }})</p>
        </div>
    </div>



    <div class=""section"">
        <div class=""section-header"">Work Experience</div>
        <div class=""section-content"">
            <p><strong>{{ cv_resume.work_experience.position }}
            </strong>, {{ cv_resume.work_experience.company }}</p>
            <p>{{ cv_resume.work_experience.start_date }} - {{ cv_resume.work_experience.end_date }}</p>
            <p>{{ cv_resume.work_experience.responsibilities }}</p>
        </div>
    </div>





    <div class=""section"">
        <div class=""section-header"">Skills</div>
        <div class=""section-content"">
            <ul>
                {% for skill in cv_resume.skills.all %}
                <li>{{ skill.name }}</li>
                {% endfor %}
            </ul>
        </div>
    </div>

    <div class=""section"">
        <div class=""section-header"">Additional Information</div>
        <div class=""section-content"">
            {{ cv_resume.body|safe }}
        </div>
    </div>
</div>

<script src=""https://kit.fontawesome.com/a076d05399.js"" crossorigin=""anonymous""></script>
</body>
</html>"
